<?xml version="1.0" encoding="UTF-8"?>
<!DOCTYPE element SYSTEM "elements.dtd">
<element series="rare-earth-metal">
   <name>Dysprosium</name>
   <symbol>Dy</symbol>
   <atomic-number>66</atomic-number>
   <mass-number>162</mass-number>
   <electronegativity>1.22</electronegativity>
   <covalent-radius>1.59</covalent-radius>
   <atomic-radius>2.49</atomic-radius>
   <melting-point>1682</melting-point>
   <boiling-point>2835</boiling-point>
   <density>8.536</density>
   <specific-heat>0.17</specific-heat>
   <electrical-conductivity>0.0108e6</electrical-conductivity>
   <thermal-conductivity>0.107</thermal-conductivity>
</element>
