<?xml version="1.0" encoding="UTF-8"?>
<!DOCTYPE element SYSTEM "elements.dtd">
<element series="rare-earth-metal">
   <name>Europium</name>
   <symbol>Eu</symbol>
   <atomic-number>63</atomic-number>
   <mass-number>152</mass-number>
   <electronegativity>1.2</electronegativity>
   <covalent-radius>1.85</covalent-radius>
   <atomic-radius>2.56</atomic-radius>
   <melting-point>1090</melting-point>
   <boiling-point>1870</boiling-point>
   <density>5.259</density>
   <electrical-conductivity>0.0112e6</electrical-conductivity>
   <thermal-conductivity>0.139</thermal-conductivity>
</element>
