<?xml version="1.0" encoding="UTF-8"?>
<!DOCTYPE element SYSTEM "elements.dtd">
<element series="rare-earth-metal">
   <name>Gadolinium</name>
   <symbol>Gd</symbol>
   <atomic-number>64</atomic-number>
   <mass-number>157</mass-number>
   <electronegativity>1.20</electronegativity>
   <covalent-radius>1.61</covalent-radius>
   <atomic-radius>2.54</atomic-radius>
   <melting-point>1585</melting-point>
   <boiling-point>3539</boiling-point>
   <density>7.895</density>
   <specific-heat>0.23</specific-heat>
   <electrical-conductivity>0.00736e6</electrical-conductivity>
   <thermal-conductivity>0.106</thermal-conductivity>
</element>
