<?xml version="1.0" encoding="UTF-8"?>
<!DOCTYPE element SYSTEM "elements.dtd">
<element series="metal">
   <name>Gallium</name>
   <symbol>Ga</symbol>
   <atomic-number>31</atomic-number>
   <mass-number>70</mass-number>
   <electronegativity>1.81</electronegativity>
   <covalent-radius>1.25</covalent-radius>
   <atomic-radius>1.81</atomic-radius>
   <melting-point>302.9</melting-point>
   <boiling-point>2478.0</boiling-point>
   <density>5.907</density>
   <specific-heat>0.37</specific-heat>
   <electrical-conductivity>0.0678e6</electrical-conductivity>
   <thermal-conductivity>0.406</thermal-conductivity>
</element>
