<?xml version="1.0" encoding="UTF-8"?>
<!DOCTYPE element SYSTEM "elements.dtd">
<element series="transition-metal">
   <name>Gold</name>
   <symbol>Au</symbol>
   <atomic-number>79</atomic-number>
   <mass-number>197</mass-number>
   <electronegativity>2.54</electronegativity>
   <covalent-radius>1.34</covalent-radius>
   <atomic-radius>1.79</atomic-radius>
   <melting-point>1337.5</melting-point>
   <boiling-point>3130.0</boiling-point>
   <density>19.32</density>
   <specific-heat>0.128</specific-heat>
   <electrical-conductivity>0.452e6</electrical-conductivity>
   <thermal-conductivity>3.17</thermal-conductivity>
</element>
