<?xml version="1.0" encoding="UTF-8"?>
<!DOCTYPE element SYSTEM "elements.dtd">
<element series="rare-earth-metal">
   <name>Holmium</name>
   <symbol>Ho</symbol>
   <atomic-number>67</atomic-number>
   <mass-number>165</mass-number>
   <electronegativity>1.23</electronegativity>
   <covalent-radius>1.58</covalent-radius>
   <atomic-radius>2.47</atomic-radius>
   <melting-point>1743.0</melting-point>
   <boiling-point>2368.0</boiling-point>
   <density>8.80</density>
   <specific-heat>0.16</specific-heat>
   <electrical-conductivity>0.0124e6</electrical-conductivity>
   <thermal-conductivity>0.162</thermal-conductivity>
</element>
