<?xml version="1.0" encoding="UTF-8"?>
<!DOCTYPE element SYSTEM "elements.dtd">
<element series="transition-metal">
   <name>Lanthanum</name>
   <symbol>La</symbol>
   <atomic-number>57</atomic-number>
   <mass-number>139</mass-number>
   <electronegativity>1.10</electronegativity>
   <covalent-radius>1.69</covalent-radius>
   <atomic-radius>2.74</atomic-radius>
   <melting-point>1193.0</melting-point>
   <boiling-point>3730.0</boiling-point>
   <density>6.7</density>
   <electrical-conductivity>0.0126e6</electrical-conductivity>
   <thermal-conductivity>0.135</thermal-conductivity>
</element>
