<?xml version="1.0" encoding="UTF-8"?>
<!DOCTYPE element SYSTEM "elements.dtd">
<element series="transition-metal">
   <name>Manganese</name>
   <symbol>Mn</symbol>
   <atomic-number>25</atomic-number>
   <mass-number>55</mass-number>
   <electronegativity>1.55</electronegativity>
   <covalent-radius>1.17</covalent-radius>
   <atomic-radius>1.79</atomic-radius>
   <melting-point>1517.0</melting-point>
   <boiling-point>2335.0</boiling-point>
   <density>7.43</density>
   <specific-heat>0.48</specific-heat>
   <electrical-conductivity>0.00695e6</electrical-conductivity>
   <thermal-conductivity>0.0782</thermal-conductivity>
</element>
