<?xml version="1.0" encoding="UTF-8"?>
<!DOCTYPE element SYSTEM "elements.dtd">
<element series="transition-metal">
   <name>Niobium</name>
   <symbol>Nb</symbol>
   <atomic-number>41</atomic-number>
   <mass-number>93</mass-number>
   <electronegativity>1.6</electronegativity>
   <covalent-radius>1.34</covalent-radius>
   <atomic-radius>2.08</atomic-radius>
   <melting-point>2740.0</melting-point>
   <boiling-point>5017.0</boiling-point>
   <density>8.57</density>
   <specific-heat>0.26</specific-heat>
   <electrical-conductivity>0.0693e6</electrical-conductivity>
   <thermal-conductivity>0.537</thermal-conductivity>
</element>
