<?xml version="1.0" encoding="UTF-8"?>
<!DOCTYPE element SYSTEM "elements.dtd">
<element series="rare-earth-metal">
   <name>Plutonium</name>
   <symbol>Pu</symbol>
   <atomic-number>94</atomic-number>
   <mass-number>242</mass-number>
   <electronegativity>1.28</electronegativity>
   <melting-point>913.0</melting-point>
   <boiling-point>3503.0</boiling-point>
   <density>19.8</density>
   <specific-heat>0.13</specific-heat>
   <electrical-conductivity>0.00666e6</electrical-conductivity>
   <thermal-conductivity>0.0674</thermal-conductivity>
</element>
