<?xml version="1.0" encoding="UTF-8"?>
<!DOCTYPE element SYSTEM "elements.dtd">
<element series="transition-metal">
   <name>Ruthenium</name>
   <symbol>Ru</symbol>
   <atomic-number>44</atomic-number>
   <mass-number>101</mass-number>
   <electronegativity>2.2</electronegativity>
   <covalent-radius>1.25</covalent-radius>
   <atomic-radius>1.89</atomic-radius>
   <melting-point>2523.0</melting-point>
   <boiling-point>4423.0</boiling-point>
   <density>12.2</density>
   <specific-heat>0.238</specific-heat>
   <electrical-conductivity>0.137e6</electrical-conductivity>
   <thermal-conductivity>1.17</thermal-conductivity>
</element>
