<?xml version="1.0" encoding="UTF-8"?>
<!DOCTYPE element SYSTEM "elements.dtd">
<element series="transition-metal">
   <name>Scandium</name>
   <symbol>Sc</symbol>
   <atomic-number>21</atomic-number>
   <mass-number>45</mass-number>
   <electronegativity>1.36</electronegativity>
   <covalent-radius>1.44</covalent-radius>
   <atomic-radius>2.09</atomic-radius>
   <melting-point>1812.0</melting-point>
   <boiling-point>3104.0</boiling-point>
   <density>3.0</density>
   <specific-heat>0.6</specific-heat>
   <electrical-conductivity>0.0177e6</electrical-conductivity>
   <thermal-conductivity>0.158</thermal-conductivity>
</element>
