<?xml version="1.0" encoding="UTF-8"?>
<!DOCTYPE element SYSTEM "elements.dtd">
<element series="non-metal">
   <name>Silicon</name>
   <symbol>Si</symbol>
   <atomic-number>14</atomic-number>
   <mass-number>28</mass-number>
   <electronegativity>1.90</electronegativity>
   <covalent-radius>1.17</covalent-radius>
   <atomic-radius>1.46</atomic-radius>
   <melting-point>1685.0</melting-point>
   <boiling-point>3540.0</boiling-point>
   <density>2.33</density>
   <specific-heat>0.71</specific-heat>
   <electrical-conductivity>2.52e-6</electrical-conductivity>
   <thermal-conductivity>1.48</thermal-conductivity>
   <isotopes>
      <isotope><mass-number>28</mass-number><abundance>92.23</abundance></isotope>
      <isotope><mass-number>29</mass-number><abundance>4.68</abundance></isotope>
      <isotope><mass-number>30</mass-number><abundance>3.09</abundance></isotope>
   </isotopes>
</element>
