<?xml version="1.0" encoding="UTF-8"?>
<!DOCTYPE element SYSTEM "elements.dtd">
<element series="transition-metal">
   <name>Tantalum</name>
   <symbol>Ta</symbol>
   <atomic-number>73</atomic-number>
   <mass-number>181</mass-number>
   <electronegativity>1.5</electronegativity>
   <covalent-radius>1.34</covalent-radius>
   <atomic-radius>2.09</atomic-radius>
   <melting-point>3287.0</melting-point>
   <boiling-point>5731.0</boiling-point>
   <density>16.6</density>
   <specific-heat>0.14</specific-heat>
   <electrical-conductivity>0.0761e6</electrical-conductivity>
   <thermal-conductivity>0.575</thermal-conductivity>
</element>
