<?xml version="1.0" encoding="UTF-8"?>
<!DOCTYPE element SYSTEM "elements.dtd">
<element series="transition-metal">
   <name>Technetium</name>
   <symbol>Tc</symbol>
   <atomic-number>43</atomic-number>
   <mass-number>99</mass-number>
   <electronegativity>1.9</electronegativity>
   <covalent-radius>1.27</covalent-radius>
   <atomic-radius>1.95</atomic-radius>
   <melting-point>2473.0</melting-point>
   <boiling-point>4538.0</boiling-point>
   <density>11.5</density>
   <specific-heat>0.21</specific-heat>
   <electrical-conductivity>0.067e6</electrical-conductivity>
   <thermal-conductivity>0.506</thermal-conductivity>
</element>
