<?xml version="1.0" encoding="UTF-8"?>
<!DOCTYPE element SYSTEM "elements.dtd">
<element series="rare-earth-metal">
   <name>Terbium</name>
   <symbol>Tb</symbol>
   <atomic-number>65</atomic-number>
   <mass-number>159</mass-number>
   <electronegativity>1.2</electronegativity>
   <covalent-radius>1.59</covalent-radius>
   <atomic-radius>2.51</atomic-radius>
   <melting-point>1630.0</melting-point>
   <boiling-point>3496.0</boiling-point>
   <density>8.27</density>
   <specific-heat>0.18</specific-heat>
   <electrical-conductivity>0.00889e6</electrical-conductivity>
   <thermal-conductivity>0.111</thermal-conductivity>
</element>
