<?xml version="1.0" encoding="UTF-8"?>
<!DOCTYPE element SYSTEM "elements.dtd">
<element series="transition-metal">
   <name>Yttrium</name>
   <symbol>Y</symbol>
   <atomic-number>39</atomic-number>
   <mass-number>89</mass-number>
   <electronegativity>1.22</electronegativity>
   <covalent-radius>1.62</covalent-radius>
   <atomic-radius>2.27</atomic-radius>
   <melting-point>1799.0</melting-point>
   <boiling-point>3611.0</boiling-point>
   <density>4.47</density>
   <specific-heat>0.3</specific-heat>
   <electrical-conductivity>0.0166e6</electrical-conductivity>
   <thermal-conductivity>0.172</thermal-conductivity>
</element>
